North Sea Kraken, 86
Swipe, 86
Living Roots, 84
Druid of the Claw, 80
Piloted Shredder, 80
Druid of the Saber, 78
Dark Iron Dwarf, 76
Mounted Raptor, 76
Zombie Chow, 76
Haunted Creeper, 74
Wrath, 74
Ironbark Protector, 72
Raven Idol, 72
Silver Hand Knight, 72
Starfire, 72
Stormwind Champion, 72
Argent Horserider, 70
Druid of the Flame, 70
Flame Juggler, 70
Harvest Golem, 70
Mechanical Yeti, 70
Spider Tank, 70
Boulderfist Ogre, 68
Chillwind Yeti, 68
Frost Elemental, 68
Mad Bomber, 68
Pit Fighter, 68
Scarlet Crusader, 68
Sen'jin Shieldmasta, 68
Shattered Sun Cleric, 68
Stranglethorn Tiger, 68
Anodized Robo Cub, 66
Earthen Ring Farseer, 66
Evil Heckler, 66
Loot Hoarder, 66
Ogre Brute, 66
Tomb Spider, 66
Drakonid Crusher, 64
Gilblin Stalker, 64
Kvaldir Raider, 64
Power of the Wild, 64
Spellbreaker, 64
Abusive Sergeant, 62
Boneguard Lieutenant, 62
Clockwork Knight, 62
Cult Master, 62
Spectral Knight, 62
Acolyte of Pain, 60
Amani Berserker, 60
Argent Squire, 60
Darkscale Healer, 60
Dire Wolf Alpha, 60
Fen Creeper, 60
Force-Tank MAX, 60
Frostwolf Warlord, 60
Gnomish Inventor, 60
Huge Toad, 60
Hungry Dragon, 60
Silver Hand Regent, 60
Wildwalker, 60
Worgen Infiltrator, 60
Acidic Swamp Ooze, 58
Annoy-o-Tron, 58
Captured Jormungar, 58
Innervate, 58
Razorfen Hunter, 58
Silent Knight, 58
Burly Rockjaw Trogg, 56
Claw, 56
Faerie Dragon, 56
Fossilized Devilsaur, 56
Jeweled Scarab, 56
Lost Tallstrider, 56
Mechwarper, 56
Stonesplinter Trogg, 56
Stormpike Commando, 56
Stormwind Knight, 56
Anubisath Sentinel, 54
Archmage, 54
Bloodfen Raptor, 54
Elven Archer, 54
Jungle Panther, 54
Maiden of the Lake, 54
Raging Worgen, 54
River Crocolisk, 54
Venture Co. Mercenary, 54
Bloodsail Raider, 52
Dragonhawk Rider, 52
Dragonkin Sorcerer, 52
Druid of the Fang, 52
Mark of the Wild, 52
Micro Machine, 52
Novice Engineer, 52
Puddlestomper, 52
Ship's Cannon, 52
Spiteful Smith, 52
Bluegill Warrior, 50
Clockwork Gnome, 50
Flesheating Ghoul, 50
Frigid Snobold, 50
Ironfur Grizzly, 50
Lance Carrier, 50
Lord of the Arena, 50
Lowly Squire, 50
Moonfire, 50
Mukla's Champion, 50
Ogre Magi, 50
Refreshment Vendor, 50
Silvermoon Guardian, 50
Volcanic Drake, 50
War Golem, 50
Wild Growth, 50
Wolfrider, 50
Youthful Brewmaster, 50
Savage Roar, 48
Ancient Brewmaster, 46
Dragonling Mechanic, 46
Gadgetzan Jouster, 46
Reckless Rocketeer, 46
Antique Healbot, 44
Blackwing Corruptor, 44
Blackwing Technician, 44
Gurubashi Berserker, 44
Ice Rager, 44
Ironbeak Owl, 44
Mark of Nature, 44
Murloc Tidehunter, 44
Oasis Snapjaw, 44
Tinkertown Technician, 44
Ironforge Rifleman, 42
Nerub'ar Weblord, 42
Gorillabot A-3, 40
Leper Gnome, 40
Salty Dog, 40
Stonetusk Boar, 40
Unstable Ghoul, 40
Voodoo Doctor, 40
Booty Bay Bodyguard, 38
Mogu'shan Warden, 38
Soul of the Forest, 38
Kobold Geomancer, 36
Naturalize, 36
Nightblade, 36
Tournament Attendee, 36
Cogmaster, 34
Gnomeregan Infantry, 34
Murloc Raider, 34
Southsea Deckhand, 34
Dancing Swords, 32
Frostwolf Grunt, 32
Raid Leader, 32
Tournament Medic, 32
Core Hound, 30
Explosive Sheep, 30
Priestess of Elune, 30
Mad Scientist, 26
Poison Seeds, 26
Undertaker, 26
Windfury Harpy, 26
Goldshire Footman, 24
Tauren Warrior, 24
Shieldbearer, 22
Dread Corsair, 20
Healing Touch, 20
Murloc Tinyfin, 18
Dalaran Mage, 16
Magma Rager, 16
Silverback Patriarch, 16
Wisp, 16
Thrallmar Farseer, 14
Flying Machine, 12
Young Dragonhawk, 12
Grimscale Oracle, 8
Stoneskin Gargoyle, 4
Darnassus Aspirant, 94
Savage Combatant, 92
Sunwalker, 84
Azure Drake, 82
Keeper of the Grove, 82
Stampeding Kodo, 82
Argent Commander, 80
Bomb Lobber, 80
Sludge Belcher, 80
Knife Juggler, 78
Volcanic Lumberer, 72
Defender of Argus, 70
Mech-Bear-Cat, 70
Starfall, 70
Madder Bomber, 68
Mind Control Tech, 66
Recycle, 66
Twilight Drake, 66
Violet Teacher, 66
Emperor Cobra, 64
Imp Master, 64
Nourish, 64
Saboteur, 64
Master Jouster, 62
Ancient Shade, 60
Wobbling Runts, 60
Light's Champion, 56
Questing Adventurer, 56
Wild Pyromancer, 56
Injured Blademaster, 54
Sunfury Protector, 54
Arcane Golem, 52
Crazed Alchemist, 50
Gnomish Experimenter, 50
Grove Tender, 50
Jungle Moonkin, 50
Knight of the Wild, 50
Arcane Nullifier X-21, 48
Armored Warhorse, 48
Wailing Soul, 48
Coliseum Manager, 46
Demolisher, 46
Fencing Coach, 46
Young Priestess, 46
Pint-Sized Summoner, 44
Ravenholdt Assassin, 44
Bite, 42
Deathlord, 42
Kezan Mystic, 42
Abomination, 40
Goblin Sapper, 40
Illuminator, 40
Lil' Exorcist, 40
Nerubian Egg, 40
Gadgetzan Auctioneer, 38
Injured Kvaldir, 36
Jeeves, 32
Bloodsail Corsair, 30
Mana Wraith, 30
Mogor's Champion, 28
Ancient Mage, 24
Argent Watchman, 20
Dragon Egg, 20
Lightwarden, 20
Master Swordsmith, 20
Savagery, 20
Target Dummy, 20
Grim Patron, 18
Secretkeeper, 18
Summoning Stone, 18
Murloc Tidecaller, 16
Coldlight Oracle, 12
Eerie Statue, 12
Mana Addict, 12
Angry Chicken, 10
Coldlight Seer, 10
Ancient Watcher, 2
Alarm-o-Bot, 1
Ancient of War, 110
Ancient of Lore, 90
Sea Giant, 82
Piloted Sky Golem, 78
Mulch, 76
Grand Crusader, 74
Kodorider, 74
Dark Wispers, 70
Fel Reaver, 70
Force of Nature, 70
Big Game Hunter, 66
Blood Knight, 66
Shade of Naxxramas, 66
Frost Giant, 60
Garrison Commander, 60
Faceless Manipulator, 58
Recombobulator, 58
Djinni of Zephyrs, 56
Crowd Favorite, 54
Echoing Ooze, 54
Molten Giant, 54
Recruiter, 46
Master of Ceremonies, 40
Mini-Mage, 40
Naga Sea Witch, 40
Southsea Captain, 40
Twilight Guardian, 40
Murloc Warleader, 38
Sideshow Spelleater, 38
Enhance-o Mechano, 36
Mountain Giant, 34
Hobgoblin, 32
Doomsayer, 30
Hungry Crab, 30
Clockwork Giant, 28
Junkbot, 8
Astral Communion, 6
Tree of Life, 4
Dr. Boom, 130
Deathwing, 100
Onyxia, 100
Cenarius, 92
Ragnaros the Firelord, 92
Kel'Thuzad, 90
Baron Geddon, 88
Nexus-Champion Saraad, 88
Sylvanas Windrunner, 88
Ysera, 84
Arch-Thief Rafaam, 82
Nefarian, 82
Alexstrasza, 80
Cairne Bloodhoof, 80
Foe Reaper 4000, 76
Hogger, 76
Toshley, 76
Eydis Darkbane, 74
Troggzor the Earthinator, 74
Feugen, 72
Fjola Lightbane, 72
Sneed's Old Shredder, 72
Chromaggus, 70
Icehowl, 70
The Black Knight, 70
Malorne, 68
Illidan Stormrage, 66
Loatheb, 66
Maexxna, 66
King Mukla, 64
Mogor the Ogre, 64
Gruul, 62
Emperor Thaurissan, 60
Mekgineer Thermaplugg, 60
Harrison Jones, 58
Aviana, 56
Tinkmaster Overspark, 56
Bloodmage Thalnos, 54
Chillmaw, 54
Gormok the Impaler, 54
Hemet Nesingwary, 54
Malygos, 54
Leeroy Jenkins, 52
Reno Jackson, 52
The Beast, 52
Elise Starseeker, 48
Justicar Trueheart, 48
Brann Bronzebeard, 46
Skycap'n Kragg, 46
Blingtron 3000, 44
Bolf Ramshield, 44
Mimiron's Head, 44
Sir Finley Mrrgglton, 42
The Skeleton Knight, 42
Majordomo Executus, 40
Stalagg, 40
Nozdormu, 38
Gazlowe, 32
Baron Rivendare, 30
Millhouse Manastorm, 30
Captain Greenskin, 28
Nat Pagle, 22
Rend Blackhand, 20
Lorewalker Cho, 12
